pos_RMSE_m,pos_MAE_m,pos_max_m,pos_FDE_m,x_RMSE_m,y_RMSE_m,z_RMSE_m,vel_RMSE_mps,heading_error_deg,divergence_rate_pct,duration_s,n_samples,run,speed,controller,_csv_path
0.2815876917015681,0.25467501271900594,0.9352466833235411,0.15286084376165582,0.14912398749925299,0.1563229456912151,0.1806012212598836,2.491476878535449,11.824437060349089,4.413793103448276,21.740191221237183,2175,B9_trefoil_slow_rep01,slow,PID,/home/coral/crazyswarm/ros_ws/src/nanobench/datasets/nanobench_v1/pid_trefoil/B9_trefoil_slow_rep01/aligned.csv
0.3100645772377964,0.28382954059088267,0.721270415715108,0.721270415715108,0.17008434848920534,0.17861366592988426,0.18790560076736318,1.74073596532583,15.872612742234143,4.122766834631241,21.820165157318115,2183,B9_trefoil_slow_rep02,slow,PID,/home/coral/crazyswarm/ros_ws/src/nanobench/datasets/nanobench_v1/pid_trefoil/B9_trefoil_slow_rep02/aligned.csv
0.26752242803121123,0.24083014953388024,0.6694908760882697,0.6694908760882697,0.13713694342398086,0.1544757086830794,0.16999695195768325,1.6199552297623139,7.5098772040724695,3.528872593950504,21.81118941307068,2182,B9_trefoil_slow_rep03,slow,PID,/home/coral/crazyswarm/ros_ws/src/nanobench/datasets/nanobench_v1/pid_trefoil/B9_trefoil_slow_rep03/aligned.csv
0.2584559697106841,0.23114630252656168,1.011900608265319,0.921828350548681,0.13671822109737936,0.15023301213643997,0.15980506363526292,2.94899638449238,10.176386086111517,3.67816091954023,21.741087913513184,2175,B9_trefoil_slow_rep04,slow,PID,/home/coral/crazyswarm/ros_ws/src/nanobench/datasets/nanobench_v1/pid_trefoil/B9_trefoil_slow_rep04/aligned.csv
0.26203663234534624,0.2351847991349995,0.6547498827187089,0.6294083380498082,0.13450754480188928,0.15185232160746165,0.16586678240287278,1.6037107585816741,9.410340678316114,4.042259990813045,21.760505199432373,2177,B9_trefoil_slow_rep05,slow,PID,/home/coral/crazyswarm/ros_ws/src/nanobench/datasets/nanobench_v1/pid_trefoil/B9_trefoil_slow_rep05/aligned.csv
0.27734327702893197,0.2474030835690604,0.7796120251859456,0.7796120251859456,0.13767213661288347,0.15428011108472012,0.18483323142031816,1.8340453709206694,2.8999445309073937,4.772831574116567,21.780531644821167,2179,B9_trefoil_slow_rep06,slow,PID,/home/coral/crazyswarm/ros_ws/src/nanobench/datasets/nanobench_v1/pid_trefoil/B9_trefoil_slow_rep06/aligned.csv
0.2666599400771462,0.2485943446992182,0.7084778506519093,0.24553308734792959,0.15968493590069613,0.16550803018286606,0.1349642057485069,0.7492278616949084,5.812729387049912,2.5095471903982545,36.650232791900635,3666,B9_trefoil_medium_rep01,medium,PID,/home/coral/crazyswarm/ros_ws/src/nanobench/datasets/nanobench_v1/pid_trefoil/B9_trefoil_medium_rep01/aligned.csv
0.3400873435431972,0.29406016563368154,1.1875806241697144,1.1875806241697144,0.16037177303433592,0.16740249089410264,0.2488306687177888,0.5476919405502095,6.545079708334741,7.676969092721834,40.12037205696106,4012,B9_trefoil_medium_rep02,medium,PID,/home/coral/crazyswarm/ros_ws/src/nanobench/datasets/nanobench_v1/pid_trefoil/B9_trefoil_medium_rep02/aligned.csv
0.27116003475278067,0.2523686354939151,0.6818015493410227,0.3941389243294103,0.164091776880501,0.16882619808956087,0.13453389181151884,0.8780787729434721,5.11619141199547,2.422427871529668,36.73029160499573,3674,B9_trefoil_medium_rep03,medium,PID,/home/coral/crazyswarm/ros_ws/src/nanobench/datasets/nanobench_v1/pid_trefoil/B9_trefoil_medium_rep03/aligned.csv
0.5959383369652782,0.5589206733504815,0.9150022561589046,0.8023382068401833,0.4098673597204315,0.3800459197198886,0.20667933569906752,1.9447600846834177,8.217333466519493,69.80103570455165,36.72875189781189,3669,B9_trefoil_fast_rep01,fast,PID,/home/coral/crazyswarm/ros_ws/src/nanobench/datasets/nanobench_v1/pid_trefoil/B9_trefoil_fast_rep01/aligned.csv
0.26260119072248017,0.2434556595503529,0.8425519444223027,0.8425519444223027,0.15893733274248587,0.17584646507347965,0.11303243052650966,1.8647521674329353,4.272230813755492,0.04633920296570899,21.57119393348694,2158,B9_trefoil_slow_rep01,slow,Mellinger,/home/coral/crazyswarm/ros_ws/src/nanobench/datasets/nanobench_v1/mellinger_trefoil/B9_trefoil_slow_rep01/aligned.csv
0.253051489235926,0.23478992147718586,0.3668514642585268,0.22353438773446271,0.15282817495345055,0.1657233976194023,0.11495373254661623,0.9398443397314682,5.666435445954811,0.0,21.740272045135498,2174,B9_trefoil_slow_rep02,slow,Mellinger,/home/coral/crazyswarm/ros_ws/src/nanobench/datasets/nanobench_v1/mellinger_trefoil/B9_trefoil_slow_rep02/aligned.csv
0.27113158712990876,0.24935297020758215,1.0574670238101267,1.0574670238101267,0.17209431492467397,0.1846833003340352,0.09893413408889268,1.0340427275169624,4.034678204389957,0.22988505747126436,21.740328788757324,2175,B9_trefoil_slow_rep03,slow,Mellinger,/home/coral/crazyswarm/ros_ws/src/nanobench/datasets/nanobench_v1/mellinger_trefoil/B9_trefoil_slow_rep03/aligned.csv
0.26174410337219345,0.23980332107320704,1.028572243624469,1.028572243624469,0.1699862300827619,0.17115288284256766,0.10159403489891594,0.7599177216926382,3.8453856877567176,0.7171671896010758,22.300424814224243,2231,B9_trefoil_slow_rep04,slow,Mellinger,/home/coral/crazyswarm/ros_ws/src/nanobench/datasets/nanobench_v1/mellinger_trefoil/B9_trefoil_slow_rep04/aligned.csv
0.27187729349080925,0.24951426664913035,0.9334934446930818,0.9334934446930818,0.17448920557211983,0.18436116952695794,0.09737422156479815,1.4197341970885324,3.1446873024891304,0.09057971014492754,22.070071697235107,2208,B9_trefoil_slow_rep05,slow,Mellinger,/home/coral/crazyswarm/ros_ws/src/nanobench/datasets/nanobench_v1/mellinger_trefoil/B9_trefoil_slow_rep05/aligned.csv
0.2862499332614042,0.2728927809403797,0.39035032654884083,0.1703199881217503,0.18108698337065077,0.18826961527556962,0.11705161557990135,0.676690842958913,8.000643919018021,0.0,36.73016381263733,3674,B9_trefoil_medium_rep01,medium,Mellinger,/home/coral/crazyswarm/ros_ws/src/nanobench/datasets/nanobench_v1/mellinger_trefoil/B9_trefoil_medium_rep01/aligned.csv
0.2830789308743069,0.2696111998319222,0.39369924069240003,0.35344445637595906,0.17656632264513064,0.18845143714518306,0.11594856898828632,0.7458294490029651,4.879471998814156,0.0,36.61219835281372,3662,B9_trefoil_medium_rep02,medium,Mellinger,/home/coral/crazyswarm/ros_ws/src/nanobench/datasets/nanobench_v1/mellinger_trefoil/B9_trefoil_medium_rep02/aligned.csv
0.28089964496134867,0.2681322468910179,0.5677108634206235,0.5677108634206235,0.17769020754095186,0.18245632926866437,0.11849256767101432,1.0339651775552017,4.152412324318578,0.027196083763937992,36.76245594024658,3677,B9_trefoil_medium_rep03,medium,Mellinger,/home/coral/crazyswarm/ros_ws/src/nanobench/datasets/nanobench_v1/mellinger_trefoil/B9_trefoil_medium_rep03/aligned.csv
0.28112912389613853,0.269236381579975,0.582737904991426,0.582737904991426,0.17603890725380644,0.18487792051295202,0.11774566634191994,1.0860494591139973,4.059946613184969,0.027307482250136534,36.61022233963013,3662,B9_trefoil_medium_rep05,medium,Mellinger,/home/coral/crazyswarm/ros_ws/src/nanobench/datasets/nanobench_v1/mellinger_trefoil/B9_trefoil_medium_rep05/aligned.csv
0.5304569168825667,0.4953889780144137,0.7969832981696157,0.6764058979414364,0.3636039646402317,0.36452763153626244,0.12765697557527467,1.4727525643094919,1.131547242322919,61.6263258090835,36.76018309593201,3677,B9_trefoil_fast_rep03,fast,Mellinger,/home/coral/crazyswarm/ros_ws/src/nanobench/datasets/nanobench_v1/mellinger_trefoil/B9_trefoil_fast_rep03/aligned.csv
0.5362330407368376,0.497327817488529,0.8868869414312259,0.8868869414312259,0.3666220279318452,0.3756221588305111,0.109736759604622,1.6863678848441717,4.047653629784123,61.94353963083606,36.83017110824585,3684,B9_trefoil_fast_rep04,fast,Mellinger,/home/coral/crazyswarm/ros_ws/src/nanobench/datasets/nanobench_v1/mellinger_trefoil/B9_trefoil_fast_rep04/aligned.csv
0.6052906183520194,0.5595214595772712,0.845564664786067,0.8368596935364885,0.4169160068954199,0.42257414008809363,0.11827456188105882,1.4503224286311478,2.144830474331186,77.8895838999184,36.76013493537903,3677,B9_trefoil_fast_rep05,fast,Mellinger,/home/coral/crazyswarm/ros_ws/src/nanobench/datasets/nanobench_v1/mellinger_trefoil/B9_trefoil_fast_rep05/aligned.csv
